,code
0,METRO10180M10180
1,METRO29180N22001
2,METRO10380M10380
3,METRO10420M10420
4,METRO10500M10500
5,METRO10540M10540
6,METRO10580M10580
7,METRO10740M10740
8,METRO10780M10780
9,METRO14540N21003
10,METRO10900M10900
11,METRO11020M11020
12,METRO11100M11100
13,METRO11180M11180
14,METRO11260M11260
15,METRO26900M11300
16,METRO24860M11340
17,METRO11460M11460
18,METRO11500M11500
19,METRO11540M11540
20,METRO18580N48007
21,METRO11640MM0470
22,METRO38300N42005
23,METRO11700M11700
24,METRO41700N48013
25,METRO12020M12020
26,METRO12060M12060
27,METRO12100M12100
28,METRO12220M12220
29,METRO12260M12260
30,METRO26420N48015
31,METRO12420M12420
32,METRO27260N12003
33,METRO12540M12540
34,METRO12580M12580
35,METRO12620MM0730
36,METRO12700M12700
37,METRO41980N72923
38,METRO24340N26015
39,METRO28140N29013
40,METRO12940M12940
41,METRO12980M12980
42,METRO13020M13020
43,METRO25940N45013
44,METRO13140M13140
45,METRO13380M13380
46,METRO13460M13460
47,METRO16300N19011
48,METRO32820N28009
49,METRO35620MM0875
50,METRO38340N25003
51,METRO13740M13740
52,METRO13780M13780
53,METRO13820M13820
54,METRO13900M13900
55,METRO13980M13980
56,METRO14010M14060
57,METRO14020MM1020
58,METRO14260M14260
59,METRO41180N17005
60,METRO16620N54005
61,METRO14460MM1120
62,METRO14500M14500
63,METRO14540M14540
64,METRO36260N49003
65,METRO26420MM1145
66,METRO47940N19017
67,METRO14740M14740
68,METRO14860MM1160
69,METRO14460MM1200
70,METRO17140MM1220
71,METRO15180M15180
72,METRO34820M48900
73,METRO15260M15260
74,METRO16820N51029
75,METRO15380M15380
76,METRO15500M15500
77,METRO15540M15540
78,METRO14540N21031
79,METRO26820N16023
80,METRO12060N13035
81,METRO41980MM1310
82,METRO15680M15680
83,METRO27620N29027
84,METRO28940N47013
85,METRO15940M15940
86,METRO15980M15980
87,METRO16020M16020
88,METRO29200N18015
89,METRO16180M16180
90,METRO16220M16220
91,METRO43780N26027
92,METRO16300M16300
93,METRO16540M16540
94,METRO16580M16580
95,METRO16620M16620
96,METRO16700M16700
97,METRO16740M16740
98,METRO16820M16820
99,METRO16860M16860
100,METRO16740N45023
101,METRO16940M16940
102,METRO16980M16980
103,METRO17020M17020
104,METRO13820N01021
105,METRO17140M17140
106,METRO17300M17300
107,METRO17420M17420
108,METRO17460M17460
109,METRO17660M17660
110,METRO35980MM3280
111,METRO17780M17780
112,METRO17820M17820
113,METRO14100N42037
114,METRO47460N53013
115,METRO31540N55021
116,METRO17860M17860
117,METRO17900M17900
118,METRO17980M17980
119,METRO18020M18020
120,METRO18140M18140
121,METRO18580M18580
122,METRO18700M18700
123,METRO30020N40033
124,METRO35100N37049
125,METRO18880M18880
126,METRO27180N47033
127,METRO47900N51047
128,METRO38860N23005
129,METRO19060M19060
130,METRO39660N46033
131,METRO44180N29059
132,METRO19100M19100
133,METRO19140M19140
134,METRO14860MM1930
135,METRO19180M19180
136,METRO19300M19300
137,METRO22500N45031
138,METRO19340M19340
139,METRO49180N37057
140,METRO19380M19380
141,METRO14010N17039
142,METRO19460M19460
143,METRO19500M19500
144,METRO16980MM2050
145,METRO19660M19660
146,METRO19740M19740
147,METRO19780M19780
148,METRO19820M19820
149,METRO20020M20020
150,METRO20100M20100
151,METRO20220M20220
152,METRO20260M20260
153,METRO20500M20500
154,METRO20700M20700
155,METRO49340MM1120
156,METRO39300MM1200
157,METRO20740M20740
158,METRO20940M20940
159,METRO21340M21340
160,METRO21060M21060
161,METRO21140M21140
162,METRO21300M21300
163,METRO21420M21420
164,METRO21500M21500
165,METRO21660M21660
166,METRO21780M21780
167,METRO21820M21820
168,METRO41980M21940
169,METRO47380N48145
170,METRO22020M22020
171,METRO22140M22140
172,METRO13220N54019
173,METRO22180M22180
174,METRO22220M22220
175,METRO40340N27045
176,METRO49340MM2600
177,METRO22380M22380
178,METRO22420M22420
179,METRO22500M22500
180,METRO22520M22520
181,METRO13980N51063
182,METRO22540M22540
183,METRO22660M22660
184,METRO33100MM2680
185,METRO22900M22900
186,METRO23060M23060
187,METRO19100MM2800
188,METRO40220N51067
189,METRO23420M23420
190,METRO23460M23460
191,METRO23540M23540
192,METRO23580M23580
193,METRO16980MM2960
194,METRO47260N37073
195,METRO14260N16045
196,METRO23900M23900
197,METRO13980N51071
198,METRO24020M24020
199,METRO13740N30037
200,METRO24140M24140
201,METRO36420N40051
202,METRO28940M34100
203,METRO24220M24220
204,METRO24300M24300
205,METRO24340M24340
206,METRO30780N05053
207,METRO17140MM3020
208,METRO24420M24420
209,METRO24500M24500
210,METRO24540M24540
211,METRO24580M24580
212,METRO31540N55045
213,METRO24660M24660
214,METRO24780M24780
215,METRO24860M24860
216,METRO16980MM3170
217,METRO25020M25020
218,METRO37460N12045
219,METRO25060M25060
220,METRO25180MM3180
221,METRO24260N31079
222,METRO24260N31081
223,METRO25220M25220
224,METRO25260M25260
225,METRO12060N13143
226,METRO25420M25420
227,METRO25500M25500
228,METRO25540M25540
229,METRO25620M25620
230,METRO11700N37087
231,METRO20020N01067
232,METRO34980N47081
233,METRO25860M25860
234,METRO31700N33011
235,METRO25980M25980
236,METRO18140N39073
237,METRO22180N37093
238,METRO24340M26100
239,METRO26140M26140
240,METRO19100N48221
241,METRO26300M26300
242,METRO26380M26380
243,METRO26420M26420
244,METRO24260N31093
245,METRO21340N48229
246,METRO26580M26580
247,METRO26620M26620
248,METRO29180N22045
249,METRO12940N22047
250,METRO26820M26820
251,METRO26900M26900
252,METRO26980MM3500
253,METRO31540N55049
254,METRO16740N37097
255,METRO27060M27060
256,METRO16060N17077
257,METRO27100M27100
258,METRO27140M27140
259,METRO27180M27180
260,METRO27260M27260
261,METRO27340M27340
262,METRO27500M27500
263,METRO16980N18073
264,METRO25940N45053
265,METRO27620M27620
266,METRO47900MM3630
267,METRO35620MM3640
268,METRO27740M27740
269,METRO27780M27780
270,METRO16300N19105
271,METRO35100N37103
272,METRO27860MM3700
273,METRO27900M27900
274,METRO27980M27980
275,METRO28020M28020
276,METRO28100M28100
277,METRO28140M28140
278,METRO16980MM3780
279,METRO41700N48259
280,METRO28420M28420
281,METRO16980MM3800
282,METRO17900N45055
283,METRO28660M28660
284,METRO48620N20095
285,METRO28700M28700
286,METRO28740M28740
287,METRO28940M28940
288,METRO29020M29020
289,METRO29100M29100
290,METRO29180M29180
291,METRO29200M29140
292,METRO29340M29340
293,METRO29420M29420
294,METRO29460M29460
295,METRO12060N13171
296,METRO28660N48281
297,METRO16740N45057
298,METRO29540M29540
299,METRO29620M29620
300,METRO29700M29700
301,METRO29740M29740
302,METRO29820M29820
303,METRO24860N45059
304,METRO29940M29940
305,METRO14460MM4160
306,METRO30020M30020
307,METRO22900N40079
308,METRO33460N27079
309,METRO30140M30140
310,METRO30300M30300
311,METRO30340M30340
312,METRO30460M30460
313,METRO30620M30620
314,METRO12260N13181
315,METRO16740N37109
316,METRO36420N40081
317,METRO26580M54043
318,METRO30700M30700
319,METRO45500N05081
320,METRO30780M30780
321,METRO19820MM0440
322,METRO30860M30860
323,METRO25980N13183
324,METRO30980M30980
325,METRO31020M31020
326,METRO31080MM4480
327,METRO31140M31140
328,METRO14460MM4560
329,METRO31180M31180
330,METRO31340M31340
331,METRO31180N48305
332,METRO34980N47111
333,METRO31420M31420
334,METRO41180N17117
335,METRO31460M31460
336,METRO31540M31540
337,METRO31700MM4760
338,METRO31740M31740
339,METRO31860M31860
340,METRO31900M31900
341,METRO32820N28093
342,METRO33260N48317
343,METRO25180MM0877
344,METRO11260N02170
345,METRO34980N47119
346,METRO32420M32420
347,METRO32580M32580
348,METRO22220N29119
349,METRO21060N21163
350,METRO39660N46093
351,METRO32780M32780
352,METRO41700N48325
353,METRO32820M32820
354,METRO32900M32900
355,METRO12060N13199
356,METRO24260N31121
357,METRO33100MM5000
358,METRO33140M33140
359,METRO35620MM5015
360,METRO33220M33220
361,METRO33260M33260
362,METRO35300MM1160
363,METRO33460N27095
364,METRO33340M33340
365,METRO33460M33460
366,METRO33540M33540
367,METRO33660M33660
368,METRO33700M33700
369,METRO27620N29135
370,METRO35620MM5190
371,METRO31420N13207
372,METRO33740M33740
373,METRO33780M33780
374,METRO24340N26117
375,METRO33860M33860
376,METRO14100N42093
377,METRO12060N13211
378,METRO28940N47129
379,METRO34060M34060
380,METRO34100M34100
381,METRO34580M34580
382,METRO34620M34620
383,METRO19140N13213
384,METRO34740M34740
385,METRO34820M34820
386,METRO34900M34900
387,METRO34940M34940
388,METRO31700MM5350
389,METRO34980M34980
390,METRO35620MM5380
391,METRO39300MM5400
392,METRO35300MM5480
393,METRO35380M35380
394,METRO35620MM5600
395,METRO35620MM5640
396,METRO39300N44005
397,METRO13140N48351
398,METRO35660M35660
399,METRO35840M35840
400,METRO35980M35980
401,METRO41860MM5775
402,METRO36100M36100
403,METRO36140M36140
404,METRO24580N55083
405,METRO36220M36220
406,METRO36260M36260
407,METRO36420M36420
408,METRO46140N40111
409,METRO11100N48359
410,METRO13900N38065
411,METRO36500M36500
412,METRO36540M36540
413,METRO36740M36740
414,METRO36780M36780
415,METRO14020N18119
416,METRO36980M36980
417,METRO37100M37100
418,METRO37340M37340
419,METRO19660M37380
420,METRO35100N37137
421,METRO37460M37460
422,METRO37620M37620
423,METRO25060M37700
424,METRO46140N40117
425,METRO47580N13225
426,METRO44060N53051
427,METRO48900N37141
428,METRO12620N23019
429,METRO37860M37860
430,METRO37900M37900
431,METRO18140N39127
432,METRO20500N37145
433,METRO37980M37980
434,METRO38060M38060
435,METRO46220N01107
436,METRO35620MM5660
437,METRO38220M38220
438,METRO38300M38300
439,METRO38340M38340
440,METRO43580N19149
441,METRO38540M38540
442,METRO27860N05111
443,METRO44180N29167
444,METRO38660M38660
445,METRO38940M38940
446,METRO38860MM6400
447,METRO38900M38900
448,METRO14460MM6450
449,METRO35620M39100
450,METRO39140M39140
451,METRO39300M39300
452,METRO39340M39340
453,METRO39380M39380
454,METRO47580N13235
455,METRO13980N51155
456,METRO39460M39460
457,METRO26900N18133
458,METRO26580M54079
459,METRO11640N72923
460,METRO39540M39540
461,METRO13220N54081
462,METRO39580M39580
463,METRO39660M39660
464,METRO47900N51157
465,METRO39740M39740
466,METRO39820M39820
467,METRO39900M39900
468,METRO40060M40060
469,METRO40140M40140
470,METRO28940N47145
471,METRO40220M40220
472,METRO40340M40340
473,METRO40380M40380
474,METRO40420M40420
475,METRO24660N37157
476,METRO40580M40580
477,METRO40660M40660
478,METRO16740N37159
479,METRO30980N48401
480,METRO40900M40900
481,METRO38860N23023
482,METRO40980M40980
483,METRO41420M41420
484,METRO41500M41500
485,METRO41540M41540
486,METRO41620M41620
487,METRO41660M41660
488,METRO41700M41700
489,METRO41940N06069
490,METRO41740M41740
491,METRO41860MM7360
492,METRO41900M41900
493,METRO41940M41940
494,METRO41980MM7440
495,METRO42020M42020
496,METRO31080MM5945
497,METRO42100M42100
498,METRO42140M42140
499,METRO42200M42200
500,METRO42220M42220
501,METRO36540N31155
502,METRO42340M42340
503,METRO31140N18143
504,METRO42540M42540
505,METRO42660MM7600
506,METRO42680M42680
507,METRO42700M42700
508,METRO30700N31159
509,METRO49660MM7610
510,METRO43100M43100
511,METRO31140N21211
512,METRO43300M43300
513,METRO43340M43340
514,METRO33460N27143
515,METRO43420M43420
516,METRO27140N28127
517,METRO43580M43580
518,METRO13900N38085
519,METRO43620M43620
520,METRO34980N47159
521,METRO41540N24039
522,METRO19100N48425
523,METRO43780M43780
524,METRO25540MM5480
525,METRO43900M43900
526,METRO44060M44060
527,METRO44100M44100
528,METRO44140M44140
529,METRO44180M44180
530,METRO44220M44220
531,METRO41060M41060
532,METRO41100M41100
533,METRO35380N22093
534,METRO41140M41140
535,METRO41180M41180
536,METRO14860MM8040
537,METRO44300M44300
538,METRO44420M44420
539,METRO44060N53065
540,METRO44700M44700
541,METRO45460N18153
542,METRO48620N20191
543,METRO44940M44940
544,METRO41540N10005
545,METRO45060M45060
546,METRO42660MM8200
547,METRO45220M45220
548,METRO45300M45300
549,METRO32820N28137
550,METRO39300MM1120
551,METRO17820N08119
552,METRO45460M45460
553,METRO45500M45500
554,METRO45540M45540
555,METRO45780M45780
556,METRO41620N49045
557,METRO45820M45820
558,METRO45940M45940
559,METRO46060M46060
560,METRO46140M46140
561,METRO32820N28143
562,METRO46220M46220
563,METRO46340M46340
564,METRO17140N18161
565,METRO18140N39159
566,METRO43900N45087
567,METRO46520M46520
568,METRO46540M46540
569,METRO10380N72141
570,METRO46660M46660
571,METRO46700M46700
572,METRO29180N22113
573,METRO47020M47020
574,METRO47220M47220
575,METRO47260M47260
576,METRO47300M47300
577,METRO40340N27157
578,METRO47380M47380
579,METRO45220N12129
580,METRO13820N01127
581,METRO47460N53071
582,METRO18880N12131
583,METRO47580M47580
584,METRO10900MM5640
585,METRO47900MM8820
586,METRO26980N19183
587,METRO31140N18175
588,METRO47900M47900
589,METRO35300MM8880
590,METRO47940M47940
591,METRO48060M48060
592,METRO48140M48140
593,METRO43340N22119
594,METRO48260M48260
595,METRO48300M48300
596,METRO33100MM8960
597,METRO48325M48325
598,METRO39300MM5520
599,METRO14460MM4760
600,METRO49340N25027
601,METRO48540M48540
602,METRO48660M48660
603,METRO48620M48620
604,METRO16060N17199
605,METRO48700M48700
606,METRO48900M48900
607,METRO49020M49020
608,METRO49340N09015
609,METRO49180M49180
610,METRO19100N48497
611,METRO41540N24047
612,METRO49340M49340
613,METRO49420M49420
614,METRO40380N36123
615,METRO38660M49500
616,METRO27140N28163
617,METRO40900MM9270
618,METRO38860N23031
619,METRO49620M49620
620,METRO38860MM6450
621,METRO49660M49660
622,METRO49700M49700
623,METRO49740M49740
